{"train_loss_epoch":0.005140351131558418,"grad_norm":0.10469713099314834,"_timestamp":1.7469780957347963e+09,"epoch":10,"val_loss_epoch":0.005635450594127178,"_wandb":{"runtime":1713},"_runtime":1713.737900118,"lr_epoch":0.00022980769230769224,"final_validation_loss":0.005635450594127178,"_step":20,"train_loss_batch":0.004977801814675331,"lr":0.00022115384615384613}