{"_step":20,"final_validation_loss":0.004304039292037487,"_wandb":{"runtime":3414},"epoch":20,"train_loss":0.003306769843523701,"val_loss":0.004304039292037487,"_timestamp":1.7467878738938985e+09,"_runtime":3414.377412275}