{"lr_epoch":0.00022980769230769224,"val_loss_epoch":0.006997199263423681,"final_validation_loss":0.006997199263423681,"_runtime":1705.209956364,"train_loss_batch":0.005951077677309513,"grad_norm":0.12074492595333969,"lr":0.00022115384615384613,"_wandb":{"runtime":1705},"epoch":10,"_timestamp":1.746977363911229e+09,"_step":20,"train_loss_epoch":0.006591800445069869}